{
    "variants": {
        "type=bottom": [
			{ "model": "block/brick_slab", "weight": 14 },
			{ "model": "block/brick_slab1", "weight": 14 },
			{ "model": "block/brick_slab2", "weight": 14 },
			{ "model": "block/brick_slab3", "weight": 14 },
			{ "model": "block/brick_slab4", "weight": 14 },
			{ "model": "block/brick_slab5", "weight": 14 },
			{ "model": "block/brick_slab6", "weight": 14 }
		],
        "type=top": [
			{ "model": "block/brick_slab_top", "weight": 14 },
			{ "model": "block/brick_slab_top1", "weight": 14 },
			{ "model": "block/brick_slab_top2", "weight": 14 },
			{ "model": "block/brick_slab_top3", "weight": 14 },
			{ "model": "block/brick_slab_top4", "weight": 14 },
			{ "model": "block/brick_slab_top5", "weight": 14 },
			{ "model": "block/brick_slab_top6", "weight": 14 }
		],
        "type=double": [
			{ "model": "block/bricks", "weight": 14 },
            { "model": "block/bricks1", "weight": 14 },
			{ "model": "block/bricks2", "weight": 14 },
			{ "model": "block/bricks3", "weight": 14 },
			{ "model": "block/bricks4", "weight": 14 },
			{ "model": "block/bricks5", "weight": 14 },
			{ "model": "block/bricks6", "weight": 14 }
		]
    }
}
