{
    "variants": {
        "type=bottom": [
			{ "model": "block/cobblestone_slab", "weight": 14 },
			{ "model": "block/cobblestone_slab1", "weight": 14 },
			{ "model": "block/cobblestone_slab2", "weight": 14 },
			{ "model": "block/cobblestone_slab3", "weight": 14 },
			{ "model": "block/cobblestone_slab4", "weight": 14 },
			{ "model": "block/cobblestone_slab5", "weight": 14 },
			{ "model": "block/cobblestone_slab6", "weight": 14 }
		],
        "type=top": [
			{ "model": "block/cobblestone_slab_top", "weight": 14 },
			{ "model": "block/cobblestone_slab_top1", "weight": 14 },
			{ "model": "block/cobblestone_slab_top2", "weight": 14 },
			{ "model": "block/cobblestone_slab_top3", "weight": 14 },
			{ "model": "block/cobblestone_slab_top4", "weight": 14 },
			{ "model": "block/cobblestone_slab_top5", "weight": 14 },
			{ "model": "block/cobblestone_slab_top6", "weight": 14 }
		],
        "type=double": [
			{ "model": "block/cobblestone", "weight": 14 },
            { "model": "block/cobblestone1", "weight": 14 },
			{ "model": "block/cobblestone2", "weight": 14 },
			{ "model": "block/cobblestone3", "weight": 14 },
			{ "model": "block/cobblestone4", "weight": 14 },
			{ "model": "block/cobblestone5", "weight": 14 },
			{ "model": "block/cobblestone6", "weight": 14 }
		]
    }
}
